Operation,Machine,DataType,Buffer Size,TimeAvg,TimeStd,Bytes,#Ops,Ops/T-Std,Ops/T-Mean,Ops/T+Dev
Multiply,ASUS Laptop,char,0.50,551177.70,4438.66,1,73058877,133.63,132.55,131.49
Multiply,ASUS Laptop,char,1.00,1749733.20,46055.33,1,206641710,121.29,118.10,115.07
Multiply,ASUS Laptop,char,1.50,3490125.40,32994.01,1,379625062,109.81,108.77,107.75
Multiply,ASUS Laptop,char,2.00,6622744.15,134897.83,1,584471018,90.09,88.25,86.49
Multiply,ASUS Laptop,char,2.50,9596609.05,198674.84,1,816823080,86.92,85.12,83.39
Multiply,ASUS Laptop,char,3.00,10161700.65,323161.14,1,1073741824,109.14,105.67,102.41
Multiply,ASUS Laptop,char,3.50,13621736.85,388069.25,1,1353069343,102.24,99.33,96.58
Multiply,ASUS Laptop,char,4.00,16350264.85,353120.55,1,1653133683,103.34,101.11,98.97
Multiply,ASUS Laptop,char,4.50,19059869.30,466794.27,1,1972589688,106.09,103.49,101.02
Multiply,ASUS Laptop,char,5.00,25809852.35,548726.67,1,2310324556,91.46,89.51,87.65
Multiply,ASUS Laptop,char,5.50,26394019.80,81396.18,1,2665397721,101.30,100.98,100.67
Multiply,ASUS Laptop,char,6.00,33139527.55,319741.90,1,3037000499,92.54,91.64,90.77
Multiply,ASUS Laptop,char,6.50,41185921.15,389804.45,1,3424427868,83.94,83.15,82.37
Multiply,ASUS Laptop,char,7.00,44588713.15,361379.94,1,3827058033,86.53,85.83,85.14
Multiply,ASUS Laptop,char,7.50,49445513.65,280577.59,1,4244337228,86.33,85.84,85.35
Multiply,ASUS Laptop,char,8.00,55386359.85,287931.70,1,4675768149,84.86,84.42,83.98
Multiply,ASUS Laptop,char,8.50,60893269.95,301777.46,1,5120900958,84.52,84.10,83.68
Multiply,ASUS Laptop,char,9.00,65650803.55,494711.18,1,5579326180,85.63,84.98,84.35
Multiply,ASUS Laptop,char,9.50,72706783.25,429369.81,1,6050669001,83.71,83.22,82.73
Multiply,ASUS Laptop,char,10.00,79334798.45,500284.96,1,6534584643,82.89,82.37,81.85
Multiply,ASUS Laptop,float,0.50,79349.35,5295.32,4,9132359,123.32,115.09,107.89
Multiply,ASUS Laptop,float,1.00,231802.45,7853.79,4,25830213,115.34,111.43,107.78
Multiply,ASUS Laptop,float,1.50,433536.00,14831.48,4,47453132,113.33,109.46,105.84
Multiply,ASUS Laptop,float,2.00,711918.25,19212.40,4,73058877,105.47,102.62,99.93
Multiply,ASUS Laptop,float,2.50,986947.30,26908.36,4,102102885,106.35,103.45,100.71
Multiply,ASUS Laptop,float,3.00,1307104.80,43627.35,4,134217728,106.23,102.68,99.37
Multiply,ASUS Laptop,float,3.50,2039255.50,31166.51,4,169133667,84.23,82.94,81.69
Multiply,ASUS Laptop,float,4.00,2020314.25,37213.41,4,206641710,104.20,102.28,100.43
Multiply,ASUS Laptop,float,4.50,2518896.30,29288.23,4,246573711,99.04,97.89,96.76
Multiply,ASUS Laptop,float,5.00,3393255.65,47223.79,4,288790569,86.31,85.11,83.94
Multiply,ASUS Laptop,float,5.50,3536343.50,102132.79,4,333174715,97.02,94.21,91.57
Multiply,ASUS Laptop,float,6.00,3997521.60,309290.43,4,379625062,102.93,94.97,88.15
Multiply,ASUS Laptop,float,6.50,4436586.70,342105.51,4,428053483,104.54,96.48,89.58
Multiply,ASUS Laptop,float,7.00,5110344.20,461120.01,4,478382254,102.90,93.61,85.86
Multiply,ASUS Laptop,float,7.50,5525638.45,283239.83,4,530542153,101.20,96.01,91.33
Multiply,ASUS Laptop,float,8.00,6582019.40,508232.35,4,584471018,96.23,88.80,82.43
Multiply,ASUS Laptop,float,8.50,7417429.45,658866.68,4,640112619,94.71,86.30,79.26
Multiply,ASUS Laptop,float,9.00,7907657.70,755222.73,4,697415772,97.51,88.19,80.51
Multiply,ASUS Laptop,float,9.50,8786576.50,916100.85,4,756333625,96.10,86.08,77.95
Multiply,ASUS Laptop,float,10.00,12395101.20,833572.87,4,816823080,70.65,65.90,61.75
Multiply,ASUS Laptop,int,0.50,76001.20,4930.79,4,9132359,128.50,120.16,112.84
Multiply,ASUS Laptop,int,1.00,224275.90,10144.37,4,25830213,120.63,115.17,110.19
Multiply,ASUS Laptop,int,1.50,416606.15,5749.34,4,47453132,115.50,113.90,112.35
Multiply,ASUS Laptop,int,2.00,691620.90,10608.85,4,73058877,107.28,105.63,104.04
Multiply,ASUS Laptop,int,2.50,958234.85,7217.66,4,102102885,107.36,106.55,105.76
Multiply,ASUS Laptop,int,3.00,1288569.50,76853.73,4,134217728,110.77,104.16,98.30
Multiply,ASUS Laptop,int,3.50,1952183.70,22271.18,4,169133667,87.64,86.64,85.66
Multiply,ASUS Laptop,int,4.00,2008414.95,121734.27,4,206641710,109.53,102.89,97.01
Multiply,ASUS Laptop,int,4.50,2479174.05,120034.59,4,246573711,104.52,99.46,94.86
Multiply,ASUS Laptop,int,5.00,3262679.30,53375.13,4,288790569,89.99,88.51,87.09
Multiply,ASUS Laptop,int,5.50,3451352.25,91188.17,4,333174715,99.15,96.53,94.05
Multiply,ASUS Laptop,int,6.00,3849542.75,55564.11,4,379625062,100.06,98.62,97.21
Multiply,ASUS Laptop,int,6.50,4363447.10,62313.83,4,428053483,99.52,98.10,96.72
Multiply,ASUS Laptop,int,7.00,4950219.80,74636.66,4,478382254,98.12,96.64,95.20
Multiply,ASUS Laptop,int,7.50,5426270.95,86750.32,4,530542153,99.36,97.77,96.23
Multiply,ASUS Laptop,int,8.00,6367317.55,151304.35,4,584471018,94.03,91.79,89.66
Multiply,ASUS Laptop,int,8.50,7162196.50,167732.73,4,640112619,91.52,89.37,87.33
Multiply,ASUS Laptop,int,9.00,7705061.65,239415.99,4,697415772,93.42,90.51,87.79
Multiply,ASUS Laptop,int,9.50,8470314.20,225731.99,4,756333625,91.74,89.29,86.97
Multiply,ASUS Laptop,int,10.00,11722898.70,159452.17,4,816823080,70.64,69.68,68.74
Multiply,ASUS Laptop,long,0.50,74763.25,3307.12,4,9132359,127.80,122.15,116.98
Multiply,ASUS Laptop,long,1.00,225963.40,9947.96,4,25830213,119.58,114.31,109.49
Multiply,ASUS Laptop,long,1.50,416662.40,13875.74,4,47453132,117.81,113.89,110.22
Multiply,ASUS Laptop,long,2.00,690859.70,27531.22,4,73058877,110.14,105.75,101.70
Multiply,ASUS Laptop,long,2.50,973384.95,51112.85,4,102102885,110.71,104.89,99.66
Multiply,ASUS Laptop,long,3.00,1280333.95,40229.01,4,134217728,108.23,104.83,101.64
Multiply,ASUS Laptop,long,3.50,1975085.00,72570.65,4,169133667,88.90,85.63,82.60
Multiply,ASUS Laptop,long,4.00,2031211.90,126302.23,4,206641710,108.48,101.73,95.78
Multiply,ASUS Laptop,long,4.50,2505033.10,172590.85,4,246573711,105.71,98.43,92.09
Multiply,ASUS Laptop,long,5.00,3310359.70,166104.92,4,288790569,91.85,87.24,83.07
Multiply,ASUS Laptop,long,5.50,3564281.85,272219.33,4,333174715,101.21,93.48,86.84
Multiply,ASUS Laptop,long,6.00,3966147.15,286958.52,4,379625062,103.18,95.72,89.26
Multiply,ASUS Laptop,long,6.50,4476992.20,278709.78,4,428053483,101.96,95.61,90.01
Multiply,ASUS Laptop,long,7.00,5016365.85,367263.68,4,478382254,102.90,95.36,88.86
Multiply,ASUS Laptop,long,7.50,5460500.40,166811.71,4,530542153,100.22,97.16,94.28
Multiply,ASUS Laptop,long,8.00,6500492.50,442239.54,4,584471018,96.48,89.91,84.18
Multiply,ASUS Laptop,long,8.50,7279385.90,735167.47,4,640112619,97.81,87.93,79.87
Multiply,ASUS Laptop,long,9.00,7762930.05,496300.64,4,697415772,95.98,89.84,84.44
Multiply,ASUS Laptop,long,9.50,8562554.25,603100.49,4,756333625,95.02,88.33,82.52
Multiply,ASUS Laptop,long,10.00,11771836.25,254284.17,4,816823080,70.92,69.39,67.92
Multiply,Mac,char,0.50,59228.60,2259.68,1,73058877,1282.43,1233.51,1188.18
Multiply,Mac,char,1.00,200646.80,4609.09,1,206641710,1054.09,1029.88,1006.75
Multiply,Mac,char,1.50,426462.40,3273.65,1,379625062,897.06,890.17,883.39
Multiply,Mac,char,2.00,666679.35,4655.45,1,584471018,882.85,876.69,870.61
Multiply,Mac,char,2.50,1284701.80,146253.62,1,816823080,717.49,635.81,570.82
Multiply,Mac,char,3.00,1242705.30,14012.33,1,1073741824,873.89,864.04,854.40
Multiply,Mac,char,3.50,1575335.20,9506.96,1,1353069343,864.12,858.91,853.76
Multiply,Mac,char,4.00,1879331.25,9408.79,1,1653133683,884.07,879.64,875.26
Multiply,Mac,char,4.50,2318712.10,22050.10,1,1972589688,858.89,850.73,842.71
Multiply,Mac,char,5.00,2746952.80,29500.16,1,2310324556,850.18,841.05,832.11
Multiply,Mac,char,5.50,3262160.80,327791.08,1,2665397721,908.34,817.07,742.46
Multiply,Mac,char,6.00,3665602.40,65401.03,1,3037000499,843.56,828.51,813.99
Multiply,Mac,char,6.50,4212243.65,75267.31,1,3424427868,827.76,812.97,798.70
Multiply,Mac,char,7.00,4800805.95,121869.46,1,3827058033,817.93,797.17,777.43
Multiply,Mac,char,7.50,4977216.60,40473.08,1,4244337228,859.74,852.75,845.87
Multiply,Mac,char,8.00,6413846.75,120123.49,1,4675768149,742.93,729.01,715.61
Multiply,Mac,char,8.50,7509213.85,280396.28,1,5120900958,708.40,681.95,657.40
Multiply,Mac,char,9.00,7551313.15,104476.81,1,5579326180,749.22,738.86,728.77
Multiply,Mac,char,9.50,8621126.70,523559.76,1,6050669001,747.22,701.84,661.66
Multiply,Mac,char,10.00,11178183.40,88061.06,1,6534584643,589.23,584.58,580.01
Multiply,Mac,float,0.50,9761.65,920.26,4,9132359,1032.91,935.53,854.94
Multiply,Mac,float,1.00,28927.15,1686.56,4,25830213,948.23,892.94,843.75
Multiply,Mac,float,1.50,51096.05,1731.70,4,47453132,961.28,928.70,898.26
Multiply,Mac,float,2.00,79307.05,1928.74,4,73058877,944.18,921.22,899.34
Multiply,Mac,float,2.50,111443.60,2319.80,4,102102885,935.66,916.18,897.50
Multiply,Mac,float,3.00,146130.50,4656.80,4,134217728,948.71,918.48,890.11
Multiply,Mac,float,3.50,189606.15,5300.60,4,169133667,917.68,892.03,867.77
Multiply,Mac,float,4.00,229535.60,2898.73,4,206641710,911.77,900.26,889.03
Multiply,Mac,float,4.50,289830.90,3497.83,4,246573711,861.14,850.75,840.61
Multiply,Mac,float,5.00,343605.80,4926.01,4,288790569,852.70,840.47,828.59
Multiply,Mac,float,5.50,392471.85,6320.11,4,333174715,862.81,848.91,835.46
Multiply,Mac,float,6.00,454989.75,14387.88,4,379625062,861.61,834.36,808.78
Multiply,Mac,float,6.50,507488.75,16836.28,4,428053483,872.42,843.47,816.39
Multiply,Mac,float,7.00,593090.45,36539.98,4,478382254,859.55,806.59,759.78
Multiply,Mac,float,7.50,686977.85,21297.83,4,530542153,796.99,772.28,749.06
Multiply,Mac,float,8.00,904877.60,42739.08,4,584471018,677.93,645.91,616.78
Multiply,Mac,float,8.50,1191620.05,67122.00,4,640112619,569.24,537.18,508.53
Multiply,Mac,float,9.00,1034466.95,25269.01,4,697415772,691.06,674.18,658.10
Multiply,Mac,float,9.50,1260130.35,156216.45,4,756333625,685.14,600.20,534.00
Multiply,Mac,float,10.00,1960070.95,23014.48,4,816823080,421.68,416.73,411.90
Multiply,Mac,int,0.50,6317.00,111.46,4,9132359,1471.65,1445.68,1420.61
Multiply,Mac,int,1.00,23583.00,1516.15,4,25830213,1170.54,1095.29,1029.13
Multiply,Mac,int,1.50,44054.55,1718.36,4,47453132,1120.86,1077.14,1036.71
Multiply,Mac,int,2.00,66504.85,1591.40,4,73058877,1125.48,1098.55,1072.88
Multiply,Mac,int,2.50,98818.45,2264.29,4,102102885,1057.47,1033.24,1010.09
Multiply,Mac,int,3.00,130507.75,1567.99,4,134217728,1040.93,1028.43,1016.22
Multiply,Mac,int,3.50,170008.30,3215.14,4,169133667,1014.03,994.86,976.39
Multiply,Mac,int,4.00,210278.95,3394.79,4,206641710,998.83,982.70,967.09
Multiply,Mac,int,4.50,269867.05,6790.81,4,246573711,937.27,913.69,891.26
Multiply,Mac,int,5.00,318724.40,4694.97,4,288790569,919.63,906.08,892.93
Multiply,Mac,int,5.50,362297.70,3362.96,4,333174715,928.23,919.62,911.16
Multiply,Mac,int,6.00,427570.40,32579.44,4,379625062,961.10,887.87,825.00
Multiply,Mac,int,6.50,495100.80,44300.76,4,428053483,949.54,864.58,793.57
Multiply,Mac,int,7.00,623960.90,238184.27,4,478382254,1240.05,766.69,554.87
Multiply,Mac,int,7.50,647164.35,73108.72,4,530542153,924.20,819.80,736.58
Multiply,Mac,int,8.00,852583.15,47112.36,4,584471018,725.63,685.53,649.63
Multiply,Mac,int,8.50,1168456.00,206450.60,4,640112619,665.39,547.83,465.57
Multiply,Mac,int,9.00,979450.40,19821.49,4,697415772,726.76,712.05,697.92
Multiply,Mac,int,9.50,1201047.65,146918.90,4,756333625,717.50,629.73,561.09
Multiply,Mac,int,10.00,1836393.05,18899.74,4,816823080,449.42,444.80,440.27
Multiply,Mac,long,0.50,2428.05,314.59,8,3228776,1527.72,1329.78,1177.25
Multiply,Mac,long,1.00,8614.40,665.13,8,9132359,1148.83,1060.13,984.14
Multiply,Mac,long,1.50,15712.25,1489.61,8,16777216,1179.61,1067.78,975.31
Multiply,Mac,long,2.00,24177.35,1513.63,8,25830213,1139.72,1068.36,1005.42
Multiply,Mac,long,2.50,37017.50,1520.53,8,36098821,1016.96,975.18,936.71
Multiply,Mac,long,3.00,47254.70,1712.76,8,47453132,1041.97,1004.20,969.07
Multiply,Mac,long,3.50,55928.65,1658.74,8,59797781,1101.86,1069.18,1038.38
Multiply,Mac,long,4.00,74446.65,2451.57,8,73058877,1014.78,981.36,950.07
Multiply,Mac,long,4.50,83449.80,1882.35,8,87176971,1068.77,1044.66,1021.62
Multiply,Mac,long,5.00,110821.30,2254.49,8,102102885,940.46,921.33,902.96
Multiply,Mac,long,5.50,119632.75,1644.33,8,117795050,998.36,984.64,971.29
Multiply,Mac,long,6.00,153083.70,6020.98,8,134217728,912.66,876.76,843.58
Multiply,Mac,long,6.50,186071.95,10234.98,8,151339760,860.68,813.34,770.93
Multiply,Mac,long,7.00,220152.80,18178.23,8,169133667,837.40,768.26,709.66
Multiply,Mac,long,7.50,343453.45,45119.79,8,187574977,628.74,546.14,482.73
Multiply,Mac,long,8.00,290061.55,28285.97,8,206641710,789.38,712.41,649.11
Multiply,Mac,long,8.50,373166.75,13254.67,8,226313987,628.80,606.47,585.67
Multiply,Mac,long,9.00,527303.05,45502.16,8,246573711,511.78,467.61,430.47
Multiply,Mac,long,9.50,491133.85,62260.29,8,267404317,623.50,544.46,483.21
Multiply,Mac,long,10.00,736141.65,64065.70,8,288790569,429.70,392.30,360.89
Multiply,Raspberry Pi,char,0.50,3037360.00,37572.57,1,73058877,24.35,24.05,23.76
Multiply,Raspberry Pi,char,1.00,10443964.33,19418.22,1,206641710,19.82,19.79,19.75
Multiply,Raspberry Pi,char,1.50,17765957.33,51871.85,1,379625062,21.43,21.37,21.31
Multiply,Raspberry Pi,char,2.00,28071400.00,36538.55,1,584471018,20.85,20.82,20.79
Multiply,Raspberry Pi,char,2.50,39766118.33,186441.90,1,816823080,20.64,20.54,20.44
Multiply,Raspberry Pi,char,3.00,52637594.67,239046.93,1,1073741824,20.49,20.40,20.31
Multiply,Raspberry Pi,char,3.50,67424140.00,264257.22,1,1353069343,20.15,20.07,19.99
Multiply,Raspberry Pi,char,4.00,82970985.33,347569.35,1,1653133683,20.01,19.92,19.84
Multiply,Raspberry Pi,char,4.50,98552125.67,754756.36,1,1972589688,20.17,20.02,19.86
Multiply,Raspberry Pi,char,5.00,115813722.00,339865.05,1,2310324556,20.01,19.95,19.89
Multiply,Raspberry Pi,char,5.50,135907968.67,1206512.22,1,2665397721,19.79,19.61,19.44
Multiply,Raspberry Pi,char,6.00,152767757.67,406235.17,1,3037000499,19.93,19.88,19.83
Multiply,Raspberry Pi,char,6.50,179043808.00,2231963.89,1,3424427868,19.37,19.13,18.89
Multiply,Raspberry Pi,char,7.00,198231319.33,3332990.76,1,3827058033,19.64,19.31,18.99
Multiply,Raspberry Pi,char,7.50,223670237.67,4413318.00,1,4244337228,19.36,18.98,18.61
Multiply,Raspberry Pi,char,8.00,247278484.00,4081320.67,1,4675768149,19.23,18.91,18.60
Multiply,Raspberry Pi,char,8.50,273751215.00,4226933.99,1,5120900958,19.00,18.71,18.42
Multiply,Raspberry Pi,char,9.00,299149627.67,3982994.21,1,5579326180,18.90,18.65,18.41
Multiply,Raspberry Pi,char,9.50,325340677.33,4680907.16,1,6050669001,18.87,18.60,18.33
Multiply,Raspberry Pi,char,10.00,353659072.33,4001962.66,1,6534584643,18.69,18.48,18.27
Multiply,Raspberry Pi,float,0.50,461790.67,916.78,4,9132359,19.82,19.78,19.74
Multiply,Raspberry Pi,float,1.00,1548523.33,8440.64,4,25830213,16.77,16.68,16.59
Multiply,Raspberry Pi,float,1.50,2713540.00,8105.28,4,47453132,17.54,17.49,17.44
Multiply,Raspberry Pi,float,2.00,4265668.33,31614.61,4,73058877,17.26,17.13,17.00
Multiply,Raspberry Pi,float,2.50,6180564.67,9917.58,4,102102885,16.55,16.52,16.49
Multiply,Raspberry Pi,float,3.00,8249128.67,27324.86,4,134217728,16.32,16.27,16.22
Multiply,Raspberry Pi,float,3.50,10643968.67,55112.49,4,169133667,15.97,15.89,15.81
Multiply,Raspberry Pi,float,4.00,13132985.67,33206.97,4,206641710,15.77,15.73,15.69
Multiply,Raspberry Pi,float,4.50,15921580.33,366920.16,4,246573711,15.85,15.49,15.14
Multiply,Raspberry Pi,float,5.00,18839216.00,346087.16,4,288790569,15.62,15.33,15.05
Multiply,Raspberry Pi,float,5.50,21940117.67,335823.46,4,333174715,15.42,15.19,14.96
Multiply,Raspberry Pi,float,6.00,24893625.00,274427.23,4,379625062,15.42,15.25,15.08
Multiply,Raspberry Pi,float,6.50,28632874.67,307137.12,4,428053483,15.11,14.95,14.79
Multiply,Raspberry Pi,float,7.00,32338085.33,305131.91,4,478382254,14.93,14.79,14.65
Multiply,Raspberry Pi,float,7.50,37735470.67,433261.94,4,530542153,14.22,14.06,13.90
Multiply,Raspberry Pi,float,8.00,40606452.33,275601.69,4,584471018,14.49,14.39,14.30
Multiply,Raspberry Pi,float,8.50,44768112.67,288666.99,4,640112619,14.39,14.30,14.21
Multiply,Raspberry Pi,float,9.00,49343253.33,228911.08,4,697415772,14.20,14.13,14.07
Multiply,Raspberry Pi,float,9.50,53816402.33,144623.20,4,756333625,14.09,14.05,14.02
Multiply,Raspberry Pi,float,10.00,58130554.67,199872.34,4,816823080,14.10,14.05,14.00
Multiply,Raspberry Pi,int,0.50,410254.67,843.29,4,9132359,22.31,22.26,22.21
Multiply,Raspberry Pi,int,1.00,1250112.33,91574.84,4,25830213,22.30,20.66,19.25
Multiply,Raspberry Pi,int,1.50,2367561.33,23454.87,4,47453132,20.24,20.04,19.85
Multiply,Raspberry Pi,int,2.00,3849552.00,43824.65,4,73058877,19.20,18.98,18.76
Multiply,Raspberry Pi,int,2.50,5609695.67,67195.18,4,102102885,18.42,18.20,17.99
Multiply,Raspberry Pi,int,3.00,7491540.33,25329.61,4,134217728,17.98,17.92,17.86
Multiply,Raspberry Pi,int,3.50,9726614.67,24822.15,4,169133667,17.43,17.39,17.34
Multiply,Raspberry Pi,int,4.00,11978991.33,25011.99,4,206641710,17.29,17.25,17.21
Multiply,Raspberry Pi,int,4.50,14587478.67,250808.61,4,246573711,17.20,16.90,16.62
Multiply,Raspberry Pi,int,5.00,17273106.67,272790.99,4,288790569,16.99,16.72,16.46
Multiply,Raspberry Pi,int,5.50,20126282.33,244170.35,4,333174715,16.76,16.55,16.36
Multiply,Raspberry Pi,int,6.00,22871147.67,254033.31,4,379625062,16.78,16.60,16.42
Multiply,Raspberry Pi,int,6.50,26365131.67,308643.80,4,428053483,16.43,16.24,16.05
Multiply,Raspberry Pi,int,7.00,29830198.67,267609.54,4,478382254,16.18,16.04,15.89
Multiply,Raspberry Pi,int,7.50,34708849.67,280953.64,4,530542153,15.41,15.29,15.16
Multiply,Raspberry Pi,int,8.00,37477443.00,302691.20,4,584471018,15.72,15.60,15.47
Multiply,Raspberry Pi,int,8.50,41444934.00,284791.39,4,640112619,15.55,15.44,15.34
Multiply,Raspberry Pi,int,9.00,45728498.00,357180.08,4,697415772,15.37,15.25,15.13
Multiply,Raspberry Pi,int,9.50,49898276.67,305755.36,4,756333625,15.25,15.16,15.07
Multiply,Raspberry Pi,int,10.00,54094630.33,407067.87,4,816823080,15.21,15.10,14.99
Multiply,Raspberry Pi,long,0.50,409570.33,1180.00,4,9132359,22.36,22.30,22.23
Multiply,Raspberry Pi,long,1.00,1400066.33,5306.02,4,25830213,18.52,18.45,18.38
Multiply,Raspberry Pi,long,1.50,2446043.33,16645.61,4,47453132,19.53,19.40,19.27
Multiply,Raspberry Pi,long,2.00,3853481.00,10090.44,4,73058877,19.01,18.96,18.91
Multiply,Raspberry Pi,long,2.50,5583644.00,9950.02,4,102102885,18.32,18.29,18.25
Multiply,Raspberry Pi,long,3.00,7432816.00,37417.40,4,134217728,18.15,18.06,17.97
Multiply,Raspberry Pi,long,3.50,9641999.67,12526.47,4,169133667,17.56,17.54,17.52
Multiply,Raspberry Pi,long,4.00,11911878.67,38610.22,4,206641710,17.40,17.35,17.29
Multiply,Raspberry Pi,long,4.50,14426198.33,298770.52,4,246573711,17.45,17.09,16.75
Multiply,Raspberry Pi,long,5.00,17065601.00,269681.77,4,288790569,17.19,16.92,16.66
Multiply,Raspberry Pi,long,5.50,19888532.00,267995.52,4,333174715,16.98,16.75,16.53
Multiply,Raspberry Pi,long,6.00,22620614.33,237928.30,4,379625062,16.96,16.78,16.61
Multiply,Raspberry Pi,long,6.50,26155260.67,276373.32,4,428053483,16.54,16.37,16.19
Multiply,Raspberry Pi,long,7.00,29660888.33,317152.44,4,478382254,16.30,16.13,15.96
Multiply,Raspberry Pi,long,7.50,34617852.67,388313.74,4,530542153,15.50,15.33,15.16
Multiply,Raspberry Pi,long,8.00,37203367.00,246084.98,4,584471018,15.81,15.71,15.61
Multiply,Raspberry Pi,long,8.50,41069781.67,259095.83,4,640112619,15.68,15.59,15.49
Multiply,Raspberry Pi,long,9.00,45517826.33,269218.38,4,697415772,15.41,15.32,15.23
Multiply,Raspberry Pi,long,9.50,49799679.67,379679.16,4,756333625,15.30,15.19,15.07
Multiply,Raspberry Pi,long,10.00,53885504.00,385855.33,4,816823080,15.27,15.16,15.05
Sum,ASUS Laptop,char,0.50,6845.50,160.30,1,524288,78.43,76.59,74.84
Sum,ASUS Laptop,char,1.00,14625.65,442.57,1,206641710,14569.59,14128.72,13713.74
Sum,ASUS Laptop,char,1.50,22478.70,920.16,1,379625062,17609.03,16888.21,16224.09
Sum,ASUS Laptop,char,2.00,29675.75,1149.64,1,584471018,20488.98,19695.24,18960.70
Sum,ASUS Laptop,char,2.50,38019.95,1412.57,1,816823080,22313.07,21484.07,20714.45
Sum,ASUS Laptop,char,3.00,45141.50,1776.42,1,1073741824,24760.52,23786.14,22885.54
Sum,ASUS Laptop,char,3.50,53072.00,2513.44,1,1353069343,26762.42,25494.98,24342.15
Sum,ASUS Laptop,char,4.00,60495.65,2004.74,1,1653133683,28263.09,27326.49,26449.97
Sum,ASUS Laptop,char,4.50,67390.60,1552.35,1,1972589688,29961.15,29270.99,28611.91
Sum,ASUS Laptop,char,5.00,73248.45,1489.84,1,2310324556,32195.78,31540.93,30912.19
Sum,ASUS Laptop,char,5.50,82582.50,3832.21,1,2665397721,33846.20,32275.58,30844.26
Sum,ASUS Laptop,char,6.00,89856.80,3748.05,1,3037000499,35269.36,33798.23,32444.91
Sum,ASUS Laptop,char,6.50,102285.95,1750.19,1,3424427868,34061.79,33478.97,32915.75
Sum,ASUS Laptop,char,7.00,112078.95,1245.84,1,3827058033,34529.92,34146.09,33770.71
Sum,ASUS Laptop,char,7.50,120008.25,695.12,1,4244337228,35573.09,35367.05,35163.37
Sum,ASUS Laptop,char,8.00,128905.60,583.55,1,4675768149,36437.76,36272.81,36109.34
Sum,ASUS Laptop,char,8.50,137934.60,697.26,1,5120900958,37314.19,37125.57,36938.85
Sum,ASUS Laptop,char,9.00,148737.45,1704.54,1,5579326180,37946.10,37511.24,37086.23
Sum,ASUS Laptop,char,9.50,155455.90,642.15,1,6050669001,39083.54,38922.09,38761.98
Sum,ASUS Laptop,char,10.00,161106.80,915.80,1,6534584643,40792.46,40560.58,40331.32
Sum,ASUS Laptop,float,0.50,2429.05,80.61,4,9132359,3888.70,3759.64,3638.88
Sum,ASUS Laptop,float,1.00,5229.80,219.99,4,25830213,5155.93,4939.04,4739.67
Sum,ASUS Laptop,float,1.50,7718.55,323.93,4,47453132,6417.25,6147.93,5900.31
Sum,ASUS Laptop,float,2.00,10317.35,423.23,4,73058877,7384.07,7081.17,6802.13
Sum,ASUS Laptop,float,2.50,13306.10,771.40,4,102102885,8145.62,7673.39,7252.91
Sum,ASUS Laptop,float,3.00,16306.15,1243.64,4,134217728,8910.71,8231.11,7647.83
Sum,ASUS Laptop,float,3.50,21620.50,550.51,4,169133667,8027.23,7822.84,7628.60
Sum,ASUS Laptop,float,4.00,20861.10,191.93,4,206641710,9997.58,9905.60,9815.30
Sum,ASUS Laptop,float,4.50,25369.50,590.50,4,246573711,9950.91,9719.30,9498.22
Sum,ASUS Laptop,float,5.00,29604.00,1303.65,4,288790569,10204.49,9755.12,9343.66
Sum,ASUS Laptop,float,5.50,32467.55,1004.32,4,333174715,10589.34,10261.78,9953.87
Sum,ASUS Laptop,float,6.00,33614.05,1508.00,4,379625062,11824.10,11293.64,10808.74
Sum,ASUS Laptop,float,6.50,40319.40,2075.12,4,428053483,11192.62,10616.56,10096.91
Sum,ASUS Laptop,float,7.00,42640.15,1744.32,4,478382254,11697.58,11219.06,10778.14
Sum,ASUS Laptop,float,7.50,47593.80,2358.30,4,530542153,11728.45,11147.30,10621.02
Sum,ASUS Laptop,float,8.00,51692.25,1721.50,4,584471018,11696.26,11306.74,10942.33
Sum,ASUS Laptop,float,8.50,54037.35,2321.73,4,640112619,12377.55,11845.74,11357.75
Sum,ASUS Laptop,float,9.00,58120.95,4312.49,4,697415772,12961.08,11999.39,11170.55
Sum,ASUS Laptop,float,9.50,59388.60,2425.81,4,756333625,13277.68,12735.33,12235.56
Sum,ASUS Laptop,float,10.00,61504.35,3887.21,4,816823080,14176.74,13280.74,12491.26
Sum,ASUS Laptop,int,0.50,1665.20,29.56,4,9132359,5583.34,5484.24,5388.60
Sum,ASUS Laptop,int,1.00,4072.10,146.20,4,25830213,6579.43,6343.22,6123.37
Sum,ASUS Laptop,int,1.50,6048.65,386.36,4,47453132,8380.55,7845.24,7374.21
Sum,ASUS Laptop,int,2.00,7871.00,161.74,4,73058877,9476.77,9282.03,9095.14
Sum,ASUS Laptop,int,2.50,10488.15,367.30,4,102102885,10088.37,9735.07,9405.68
Sum,ASUS Laptop,int,3.00,12552.80,892.42,4,134217728,11510.58,10692.25,9982.56
Sum,ASUS Laptop,int,3.50,15191.45,354.24,4,169133667,11399.29,11133.48,10879.78
Sum,ASUS Laptop,int,4.00,16066.15,292.40,4,206641710,13100.36,12861.93,12632.03
Sum,ASUS Laptop,int,4.50,19801.40,1238.53,4,246573711,13283.16,12452.34,11719.32
Sum,ASUS Laptop,int,5.00,21544.05,555.11,4,288790569,13759.18,13404.66,13067.94
Sum,ASUS Laptop,int,5.50,24381.60,307.38,4,333174715,13839.48,13665.01,13494.88
Sum,ASUS Laptop,int,6.00,25074.40,511.36,4,379625062,15455.13,15139.95,14837.36
Sum,ASUS Laptop,int,6.50,30372.55,363.65,4,428053483,14264.22,14093.43,13926.69
Sum,ASUS Laptop,int,7.00,30437.40,1033.13,4,478382254,16269.14,15716.92,15200.96
Sum,ASUS Laptop,int,7.50,35127.65,413.40,4,530542153,15283.12,15103.26,14927.59
Sum,ASUS Laptop,int,8.00,34698.75,309.73,4,584471018,16995.86,16844.15,16695.13
Sum,ASUS Laptop,int,8.50,40506.85,380.23,4,640112619,15952.32,15802.58,15655.62
Sum,ASUS Laptop,int,9.00,39351.50,493.43,4,697415772,17947.77,17722.72,17503.25
Sum,ASUS Laptop,int,9.50,45332.10,549.03,4,756333625,16888.83,16684.28,16484.63
Sum,ASUS Laptop,int,10.00,45260.55,417.84,4,816823080,18215.29,18047.13,17882.04
Sum,ASUS Laptop,long,0.50,1867.05,48.66,4,9132359,5022.21,4891.33,4767.10
Sum,ASUS Laptop,long,1.00,4132.70,349.52,4,25830213,6827.64,6250.20,5762.82
Sum,ASUS Laptop,long,1.50,6052.70,262.63,4,47453132,8195.61,7839.99,7513.96
Sum,ASUS Laptop,long,2.00,7933.00,369.81,4,73058877,9659.80,9209.49,8799.30
Sum,ASUS Laptop,long,2.50,10200.30,555.40,4,102102885,10586.21,10009.79,9492.91
Sum,ASUS Laptop,long,3.00,12472.00,573.66,4,134217728,11280.37,10761.52,10288.31
Sum,ASUS Laptop,long,3.50,15233.40,1057.92,4,169133667,11931.43,11102.82,10381.82
Sum,ASUS Laptop,long,4.00,16484.00,1299.35,4,206641710,13608.59,12535.90,11619.96
Sum,ASUS Laptop,long,4.50,20145.45,1583.77,4,246573711,13284.02,12239.67,11347.56
Sum,ASUS Laptop,long,5.00,21782.40,1229.17,4,288790569,14050.86,13257.98,12549.80
Sum,ASUS Laptop,long,5.50,24998.00,1576.35,4,333174715,14225.07,13328.05,12537.46
Sum,ASUS Laptop,long,6.00,24968.70,1098.21,4,379625062,15903.53,15204.04,14563.48
Sum,ASUS Laptop,long,6.50,32060.85,1225.39,4,428053483,13881.86,13351.28,12859.77
Sum,ASUS Laptop,long,7.00,30471.95,1185.46,4,478382254,16334.57,15699.10,15111.23
Sum,ASUS Laptop,long,7.50,35412.30,1497.69,4,530542153,15643.47,14981.86,14373.94
Sum,ASUS Laptop,long,8.00,34904.25,972.79,4,584471018,17225.05,16744.98,16290.95
Sum,ASUS Laptop,long,8.50,40833.50,2038.92,4,640112619,16500.05,15676.16,14930.64
Sum,ASUS Laptop,long,9.00,39777.10,1836.27,4,697415772,18381.67,17533.10,16759.42
Sum,ASUS Laptop,long,9.50,45809.15,2075.79,4,756333625,17294.20,16510.54,15794.81
Sum,ASUS Laptop,long,10.00,45707.20,2678.09,4,816823080,18983.03,17870.77,16881.64
Sum,Mac,char,0.50,1224.80,75.87,1,73058877,63588.36,59649.64,56170.39
Sum,Mac,char,1.00,2596.25,91.02,1,206641710,82484.24,79592.38,76896.42
Sum,Mac,char,1.50,3849.15,120.19,1,379625062,101804.51,98625.69,95639.36
Sum,Mac,char,2.00,4468.65,104.61,1,584471018,133928.88,130793.64,127801.84
Sum,Mac,char,2.50,5895.50,141.17,1,816823080,141949.21,138550.26,135310.28
Sum,Mac,char,3.00,7296.70,281.29,1,1073741824,153054.65,147154.44,141692.25
Sum,Mac,char,3.50,8624.85,112.71,1,1353069343,158957.66,156880.33,154856.60
Sum,Mac,char,4.00,9603.65,177.78,1,1653133683,175382.60,172135.98,169007.37
Sum,Mac,char,4.50,13243.90,199.02,1,1972589688,151215.59,148943.26,146738.22
Sum,Mac,char,5.00,16407.60,134.79,1,2310324556,141974.53,140808.20,139660.87
Sum,Mac,char,5.50,19379.15,599.57,1,2665397721,141930.61,137539.45,133411.86
Sum,Mac,char,6.00,22144.25,145.73,1,3037000499,138054.75,137146.23,136249.60
Sum,Mac,char,6.50,25523.95,203.97,1,3424427868,135246.05,134165.28,133101.64
Sum,Mac,char,7.00,28737.00,251.30,1,3827058033,134350.14,133175.28,132020.79
Sum,Mac,char,7.50,32137.95,325.09,1,4244337228,133415.77,132066.21,130743.68
Sum,Mac,char,8.00,37089.80,193.67,1,4675768149,126727.86,126066.15,125411.31
Sum,Mac,char,8.50,41546.25,213.64,1,5120900958,123894.94,123257.84,122627.26
Sum,Mac,char,9.00,43858.80,690.36,1,5579326180,129245.50,127211.10,125239.75
Sum,Mac,char,9.50,49973.25,306.91,1,6050669001,121826.34,121078.16,120339.10
Sum,Mac,char,10.00,52929.50,369.67,1,6534584643,124326.59,123458.27,122602.00
Sum,Mac,float,0.50,589.90,9.98,4,9132359,15747.72,15481.20,15223.55
Sum,Mac,float,1.00,1293.15,86.35,4,25830213,21403.95,19974.65,18724.29
Sum,Mac,float,1.50,1866.00,103.80,4,47453132,26928.28,25430.40,24090.38
Sum,Mac,float,2.00,2460.90,114.53,4,73058877,31136.93,29687.87,28367.69
Sum,Mac,float,2.50,3596.30,111.48,4,102102885,29299.31,28391.09,27537.49
Sum,Mac,float,3.00,4248.00,98.17,4,134217728,32342.93,31595.51,30881.86
Sum,Mac,float,3.50,5224.50,137.33,4,169133667,33247.09,32373.18,31544.03
Sum,Mac,float,4.00,5660.25,215.17,4,206641710,37950.16,36507.52,35170.55
Sum,Mac,float,4.50,9046.05,143.08,4,246573711,27695.66,27257.61,26833.20
Sum,Mac,float,5.00,11954.10,141.07,4,288790569,24446.79,24158.29,23876.52
Sum,Mac,float,5.50,13165.85,126.26,4,333174715,25551.01,25305.98,25065.60
Sum,Mac,float,6.00,14496.75,124.67,4,379625062,26414.06,26186.91,25963.63
Sum,Mac,float,6.50,15642.85,213.94,4,428053483,27743.59,27364.16,26994.97
Sum,Mac,float,7.00,16847.55,142.74,4,478382254,28637.40,28394.77,28156.21
Sum,Mac,float,7.50,18384.45,249.65,4,530542153,29255.47,28858.20,28471.57
Sum,Mac,float,8.00,17577.55,205.91,4,584471018,33645.13,33250.99,32865.99
Sum,Mac,float,8.50,19438.55,172.04,4,640112619,33224.11,32930.06,32641.17
Sum,Mac,float,9.00,22346.45,330.00,4,697415772,31677.03,31209.24,30755.07
Sum,Mac,float,9.50,21459.75,225.58,4,756333625,35618.70,35244.29,34877.67
Sum,Mac,float,10.00,25005.50,165.65,4,816823080,32883.58,32665.74,32450.76
Sum,Mac,int,0.50,179.80,8.98,4,9132359,53462.83,50791.76,48374.89
Sum,Mac,int,1.00,365.90,24.34,4,25830213,75623.64,70593.64,66191.04
Sum,Mac,int,1.50,516.05,7.33,4,47453132,93279.54,91954.52,90666.63
Sum,Mac,int,2.00,720.05,62.24,4,73058877,111063.40,101463.62,93391.32
Sum,Mac,int,2.50,966.15,63.27,4,102102885,113085.45,105680.16,99185.12
Sum,Mac,int,3.00,1648.25,114.51,4,134217728,87509.85,81430.44,76140.85
Sum,Mac,int,3.50,2086.40,93.61,4,169133667,84872.67,81064.83,77584.01
Sum,Mac,int,4.00,2516.20,92.09,4,206641710,85244.21,82124.52,79225.11
Sum,Mac,int,4.50,8696.05,156.44,4,246573711,28874.13,28354.68,27853.59
Sum,Mac,int,5.00,12368.60,116.05,4,288790569,23569.84,23348.69,23131.65
Sum,Mac,int,5.50,14525.90,103.52,4,333174715,23101.24,22936.60,22774.29
Sum,Mac,int,6.00,15183.15,178.50,4,379625062,25300.49,25003.05,24712.52
Sum,Mac,int,6.50,17410.15,86.17,4,428053483,24708.73,24586.43,24465.34
Sum,Mac,int,7.00,17763.90,321.58,4,478382254,27426.52,26930.02,26451.18
Sum,Mac,int,7.50,21993.00,2280.49,4,530542153,26913.98,24123.23,21856.86
Sum,Mac,int,8.00,18984.25,219.41,4,584471018,31147.13,30787.15,30435.40
Sum,Mac,int,8.50,21837.30,234.88,4,640112619,29631.53,29312.81,29000.88
Sum,Mac,int,9.00,24776.45,146.20,4,697415772,28315.41,28148.33,27983.21
Sum,Mac,int,9.50,24846.90,332.58,4,756333625,30852.73,30439.76,30037.69
Sum,Mac,int,10.00,27733.95,132.05,4,816823080,29593.00,29452.10,29312.53
Sum,Mac,long,0.50,81.65,7.67,8,3228776,43645.52,39544.10,36147.30
Sum,Mac,long,1.00,161.45,9.49,8,9132359,60096.91,56564.63,53424.52
Sum,Mac,long,1.50,245.15,16.14,8,16777216,73261.35,68436.53,64207.95
Sum,Mac,long,2.00,344.65,19.05,8,25830213,79331.59,74946.22,71020.28
Sum,Mac,long,2.50,1008.75,78.45,8,36098821,38803.36,35785.70,33203.52
Sum,Mac,long,3.00,1253.75,91.04,8,47453132,40812.65,37848.96,35286.55
Sum,Mac,long,3.50,1594.85,80.61,8,59797781,39490.17,37494.30,35690.47
Sum,Mac,long,4.00,1948.40,114.62,8,73058877,39840.54,37496.86,35413.60
Sum,Mac,long,4.50,2189.05,97.14,8,87176971,41673.48,39824.11,38131.91
Sum,Mac,long,5.00,2482.90,88.59,8,102102885,42643.92,41122.43,39705.77
Sum,Mac,long,5.50,2706.45,63.77,8,117795050,44574.14,43523.82,42521.87
Sum,Mac,long,6.00,2948.55,101.23,8,134217728,47138.26,45519.91,44008.99
Sum,Mac,long,6.50,3205.80,78.07,8,151339760,48386.49,47208.11,46085.76
Sum,Mac,long,7.00,3462.60,75.81,8,169133667,49939.19,48845.86,47799.37
Sum,Mac,long,7.50,3734.00,65.65,8,187574977,51133.38,50234.33,49366.34
Sum,Mac,long,8.00,5088.00,107.58,8,206641710,41490.80,40613.54,39772.62
Sum,Mac,long,8.50,4319.30,82.70,8,226313987,53418.72,52395.99,51411.68
Sum,Mac,long,9.00,4580.85,168.88,8,246573711,55887.41,53827.07,51913.23
Sum,Mac,long,9.50,10555.35,216.08,8,267404317,25862.99,25333.53,24825.32
Sum,Mac,long,10.00,5001.85,119.65,8,288790569,59151.74,57736.75,56387.88
Sum,Raspberry Pi,char,0.50,22986.00,1000.95,1,73058877,3323.12,3178.41,3045.78
Sum,Raspberry Pi,char,1.00,56080.33,1626.24,1,206641710,3794.79,3684.74,3580.90
Sum,Raspberry Pi,char,1.50,76108.00,168.29,1,379625062,4999.03,4987.98,4976.97
Sum,Raspberry Pi,char,2.00,102130.67,205.10,1,584471018,5734.29,5722.78,5711.31
Sum,Raspberry Pi,char,2.50,127757.67,596.93,1,816823080,6423.55,6393.53,6363.80
Sum,Raspberry Pi,char,3.00,155079.67,1113.16,1,1073741824,6973.87,6923.81,6874.46
Sum,Raspberry Pi,char,3.50,181380.00,1063.22,1,1353069343,7503.85,7459.86,7416.39
Sum,Raspberry Pi,char,4.00,211280.67,3632.78,1,1653133683,7961.24,7824.35,7692.09
Sum,Raspberry Pi,char,4.50,235734.67,2252.57,1,1972589688,8448.57,8367.84,8288.64
Sum,Raspberry Pi,char,5.00,263325.00,1520.68,1,2310324556,8824.62,8773.66,8723.29
Sum,Raspberry Pi,char,5.50,289529.67,1245.69,1,2665397721,9245.74,9205.96,9166.52
Sum,Raspberry Pi,char,6.00,318872.00,1924.03,1,3037000499,9582.02,9524.20,9467.08
Sum,Raspberry Pi,char,6.50,345609.33,2028.21,1,3424427868,9966.87,9908.38,9850.57
Sum,Raspberry Pi,char,7.00,379062.33,6715.69,1,3827058033,10278.21,10096.12,9920.36
Sum,Raspberry Pi,char,7.50,406302.67,6692.64,1,4244337228,10621.20,10446.25,10276.96
Sum,Raspberry Pi,char,8.00,443487.33,6940.79,1,4675768149,10710.81,10543.18,10380.72
Sum,Raspberry Pi,char,8.50,465620.00,6744.37,1,5120900958,11159.67,10998.03,10841.00
Sum,Raspberry Pi,char,9.00,497335.00,6591.76,1,5579326180,11369.13,11218.45,11071.70
Sum,Raspberry Pi,char,9.50,526111.67,7183.79,1,6050669001,11659.94,11500.73,11345.81
Sum,Raspberry Pi,char,10.00,561741.00,8873.29,1,6534584643,11819.44,11632.74,11451.84
Sum,Raspberry Pi,float,0.50,7890.33,59.01,4,9132359,1166.13,1157.41,1148.82
Sum,Raspberry Pi,float,1.00,17699.33,5.51,4,25830213,1459.84,1459.39,1458.94
Sum,Raspberry Pi,float,1.50,27215.00,64.13,4,47453132,1747.76,1743.64,1739.54
Sum,Raspberry Pi,float,2.00,36165.33,101.86,4,73058877,2025.84,2020.14,2014.46
Sum,Raspberry Pi,float,2.50,46985.00,17.35,4,102102885,2173.90,2173.10,2172.29
Sum,Raspberry Pi,float,3.00,57481.00,107.35,4,134217728,2339.36,2334.99,2330.64
Sum,Raspberry Pi,float,3.50,68393.00,214.96,4,169133667,2480.76,2472.97,2465.22
Sum,Raspberry Pi,float,4.00,80227.67,201.70,4,206641710,2582.18,2575.69,2569.23
Sum,Raspberry Pi,float,4.50,90241.00,325.54,4,246573711,2742.28,2732.39,2722.57
Sum,Raspberry Pi,float,5.00,102099.33,137.09,4,288790569,2832.33,2828.53,2824.73
Sum,Raspberry Pi,float,5.50,114564.67,108.54,4,333174715,2910.94,2908.18,2905.43
Sum,Raspberry Pi,float,6.00,124203.67,235.51,4,379625062,3062.28,3056.47,3050.69
Sum,Raspberry Pi,float,6.50,134403.67,241.61,4,428053483,3190.57,3184.83,3179.12
Sum,Raspberry Pi,float,7.00,145452.00,440.99,4,478382254,3298.94,3288.94,3278.99
Sum,Raspberry Pi,float,7.50,155536.67,590.32,4,530542153,3424.04,3411.04,3398.15
Sum,Raspberry Pi,float,8.00,179585.33,299.27,4,584471018,3259.99,3254.56,3249.14
Sum,Raspberry Pi,float,8.50,176277.67,584.42,4,640112619,3643.35,3631.27,3619.28
Sum,Raspberry Pi,float,9.00,187333.33,580.48,4,697415772,3734.43,3722.86,3711.36
Sum,Raspberry Pi,float,9.50,197638.67,624.51,4,756333625,3838.98,3826.85,3814.80
Sum,Raspberry Pi,float,10.00,209798.00,439.38,4,816823080,3901.55,3893.38,3885.24
Sum,Raspberry Pi,int,0.50,9547.00,827.69,4,9132359,1047.37,956.57,880.25
Sum,Raspberry Pi,int,1.00,14475.67,30.27,4,25830213,1788.13,1784.39,1780.66
Sum,Raspberry Pi,int,1.50,22290.33,34.56,4,47453132,2132.17,2128.87,2125.57
Sum,Raspberry Pi,int,2.00,29540.33,72.95,4,73058877,2479.31,2473.19,2467.10
Sum,Raspberry Pi,int,2.50,38873.33,40.38,4,102102885,2629.28,2626.55,2623.83
Sum,Raspberry Pi,int,3.00,47820.00,67.02,4,134217728,2810.67,2806.73,2802.80
Sum,Raspberry Pi,int,3.50,57184.00,163.12,4,169133667,2966.17,2957.71,2949.30
Sum,Raspberry Pi,int,4.00,67547.33,102.73,4,206641710,3063.87,3059.21,3054.57
Sum,Raspberry Pi,int,4.50,76132.33,287.96,4,246573711,3251.05,3238.75,3226.55
Sum,Raspberry Pi,int,5.00,86778.00,65.96,4,288790569,3330.46,3327.92,3325.40
Sum,Raspberry Pi,int,5.50,97864.67,132.54,4,333174715,3409.06,3404.44,3399.84
Sum,Raspberry Pi,int,6.00,105704.00,234.92,4,379625062,3599.40,3591.40,3583.43
Sum,Raspberry Pi,int,6.50,115190.67,78.78,4,428053483,3718.59,3716.04,3713.50
Sum,Raspberry Pi,int,7.00,124445.00,139.19,4,478382254,3848.43,3844.13,3839.83
Sum,Raspberry Pi,int,7.50,133260.00,110.69,4,530542153,3984.57,3981.26,3977.95
Sum,Raspberry Pi,int,8.00,155638.33,483.75,4,584471018,3767.02,3755.32,3743.68
Sum,Raspberry Pi,int,8.50,151014.33,98.57,4,640112619,4241.52,4238.75,4235.99
Sum,Raspberry Pi,int,9.00,160357.33,199.99,4,697415772,4354.57,4349.14,4343.72
Sum,Raspberry Pi,int,9.50,169565.33,125.43,4,756333625,4463.73,4460.43,4457.13
Sum,Raspberry Pi,int,10.00,179520.67,95.86,4,816823080,4552.45,4550.02,4547.59
Sum,Raspberry Pi,long,0.50,6217.33,27.30,4,9132359,1475.33,1468.85,1462.43
Sum,Raspberry Pi,long,1.00,14340.33,33.32,4,25830213,1805.42,1801.23,1797.05
Sum,Raspberry Pi,long,1.50,22204.67,135.69,4,47453132,2150.22,2137.08,2124.10
Sum,Raspberry Pi,long,2.00,29471.67,181.41,4,73058877,2494.31,2478.95,2463.79
Sum,Raspberry Pi,long,2.50,38726.67,118.84,4,102102885,2644.62,2636.50,2628.44
Sum,Raspberry Pi,long,3.00,47744.67,172.62,4,134217728,2821.36,2811.16,2801.03
Sum,Raspberry Pi,long,3.50,57007.33,300.68,4,169133667,2982.61,2966.88,2951.31
Sum,Raspberry Pi,long,4.00,67387.33,271.90,4,206641710,3078.90,3066.48,3054.15
Sum,Raspberry Pi,long,4.50,75883.67,467.52,4,246573711,3269.51,3249.36,3229.47
Sum,Raspberry Pi,long,5.00,86496.67,298.58,4,288790569,3350.31,3338.75,3327.26
Sum,Raspberry Pi,long,5.50,97536.67,437.64,4,333174715,3431.29,3415.89,3400.63
Sum,Raspberry Pi,long,6.00,105469.67,457.98,4,379625062,3615.07,3599.38,3583.81
Sum,Raspberry Pi,long,6.50,114827.33,390.39,4,428053483,3740.52,3727.80,3715.17
Sum,Raspberry Pi,long,7.00,124152.67,370.82,4,478382254,3864.72,3853.18,3841.70
Sum,Raspberry Pi,long,7.50,132795.67,501.10,4,530542153,4010.31,3995.18,3980.16
Sum,Raspberry Pi,long,8.00,154959.67,249.39,4,584471018,3777.84,3771.76,3765.70
Sum,Raspberry Pi,long,8.50,150477.33,487.97,4,640112619,4267.72,4253.88,4240.13
Sum,Raspberry Pi,long,9.00,159896.00,536.56,4,697415772,4376.37,4361.68,4347.10
Sum,Raspberry Pi,long,9.50,168887.67,518.66,4,756333625,4492.12,4478.32,4464.61
Sum,Raspberry Pi,long,10.00,179005.00,390.29,4,816823080,4573.10,4563.13,4553.20